created_utc,id,subreddit_id,downs,ups,author,total_awards_received,neg,neu,pos,compound,label,headline
2022-11-16,ywkk2r,t5_30hhs,0,2,rulepanic,0,0.159,0.841,0.0,-0.5574,-1,WASHINGTON (AP)  US officials: Initial findings suggest missile that hit Poland was fired by Ukrainian forces at incoming Russian missile.
2022-11-16,ywkjus,t5_30hhs,0,2,MantasChan,0,0.253,0.649,0.097,-0.5267,-1,Zelensky extends condolences to Poland over death of two of its citizens
2022-11-16,ywkjr3,t5_30hhs,0,1,MantasChan,0,0.263,0.737,0.0,-0.3612,-1,Podolyak says Russian strikes on Poland were deliberate
2022-11-16,ywk3wh,t5_30hhs,0,23,nkjcd,0,0.314,0.686,0.0,-0.9265,-1,"LETHAL WEAPON: Debris collected following the missile strike on the Polish village of Przewodow indicates that a Russian Kh-101 cruise missile was used in the attack. This weapon has a CEP (circular error probable) of less than 5 meters, suggesting a deliberate Russian attack."
2022-11-16,ywjug3,t5_30hhs,0,5,bshapiro24,0,0.231,0.769,0.0,-0.5574,-1,Biden says 'unlikely' missile that hit NATO ally Poland fired from Russian territory
2022-11-16,ywjqw5,t5_30hhs,0,20,dl_friend,0,0.146,0.854,0.0,-0.34,-1,"Ukrainian forces open fire on invaders on left bank of Dnipro River, near Kinburn Spit"
2022-11-16,ywjkla,t5_30hhs,0,15,Evening-Trick-4969,0,0.386,0.614,0.0,-0.6597,-1,"Poland: Russian-made missile fell on our country, killing 2"
2022-11-16,ywjgya,t5_30hhs,0,60,rulepanic,0,0.0,1.0,0.0,0.0,0,"NATO aircraft (presumably, E-3A Sentry AWACS) flying above Polish airspace on Tuesday tracked the missile that landed in the country, an alliance military official told CNN on Tuesday. The intel of the radar tracks was provided to NATO & Poland."
2022-11-16,ywj92s,t5_30hhs,0,28,rulepanic,0,0.0,0.765,0.235,0.765,1,It was decided to increase the readiness of some military units in Poland and increase the readiness of other services - the government spokesman Piotr Mueller announced at a press conference earlier tonight. (Tvn24)
2022-11-16,ywj8er,t5_30hhs,0,20,Odd-Zone-7636,0,0.238,0.762,0.0,-0.3612,-1,Power outages in Moldova after Russian strikes in Ukraine
